{
  "images" : [
    {
      "idiom" : "universal",
      "scale" : "1x"
    },
    {
      "idiom" : "universal",
      "scale" : "2x"
    },
    {
      "idiom" : "universal",
      "scale" : "3x"
    },
    {
      "filename" : "splash-2732x2732.png",
      "idiom" : "iphone",
      "scale" : "1x"
    },
    {
      "filename" : "splash-2732x2732-2.png",
      "idiom" : "iphone",
      "scale" : "2x"
    },
    {
      "filename" : "splash-2732x2732-1.png",
      "idiom" : "iphone",
      "scale" : "3x"
    }
  ],
  "info" : {
    "author" : "xcode",
    "version" : 1
  },
  "properties" : {
    "localizable" : true
  }
}
