{
  "appId": "com.alinma.investment.mobile",
  "appName": "Alinma Tadawul",
  "bundledWebRuntime": false,
  "npmClient": "npm",
  "webDir": "www",
  "plugins": {
    "SplashScreen": {
      "launchAutoHide": true,
      "launchShowDuration": 1000,
      "backgroundColor": "#005157",
      "showSpinner": false
    },
    "Keyboard": {
      "resize": "body",
      "resizeOnFullScreen": true
    }
  },
  "cordova": {},
  "server": {
    "hostname": "localhost",
    "iosScheme": "inmainvestmentmobile"
  }
}