{
  "project_info": {
    "project_number": "545068156778",
    "project_id": "alinma-investment-mobile",
    "storage_bucket": "alinma-investment-mobile.appspot.com"
  },
  "client": [
    {
      "client_info": {
        "mobilesdk_app_id": "1:545068156778:android:4e383e85bb8d840c1a4713",
        "android_client_info": {
          "package_name": "com.alinma.investment.mobile"
        }
      },
      "oauth_client": [
        {
          "client_id": "545068156778-49clec35cf5i7728j7tq9hsd1hd1a4vu.apps.googleusercontent.com",
          "client_type": 3
        }
      ],
      "api_key": [
        {
          "current_key": "AIzaSyB55lckFSVw8ICsQ0gOAVrHF1B850gD_c4"
        }
      ],
      "services": {
        "appinvite_service": {
          "other_platform_oauth_client": [
            {
              "client_id": "545068156778-49clec35cf5i7728j7tq9hsd1hd1a4vu.apps.googleusercontent.com",
              "client_type": 3
            }
          ]
        }
      }
    }
  ],
  "configuration_version": "1"
}